Site,xval,mean,upper,lower
MAT,1,0.134730861238345,0.155478436970391,0.113983285506299
MAT,2,0.198404806568084,0.246616057508991,0.150193555627178
MAT,3,0.0791383205008769,0.111398077581759,0.0468785634199942
MAT,4,0.061681871197281,0.0640238478234046,0.0593398945711573
PAS,1.2,0.217515809378722,0.259773663686022,0.175257955071422
PAS,2.2,0.266102199661846,0.313015226695046,0.219189172628646
PAS,3.2,0.237934278423781,0.332299704057038,0.143568852790525
PAS,4.2,0.154476118850184,0.171849523406263,0.137102714294105
