Site,xval,mean,upper,lower
MAT,1,0.184821423970349,0.242324033871636,0.127318814069062
MAT,2,0.215740466515722,0.273798508524243,0.157682424507202
MAT,3,0.127395429955473,0.138622606150845,0.1161682537601
MAT,4,0.0976639870587299,0.116856360612128,0.0784716135053317
PAS,1.2,0.353895508079421,0.435916902191969,0.271874113966872
PAS,2.2,0.283104257287873,0.369242083350942,0.196966431224805
PAS,3.2,0.185194177548188,0.227034884641084,0.143353470455293
PAS,4.2,0.218481900981614,0.255493732056394,0.181470069906835
