Site,xval,mean,upper,lower
MAT,1,0.139684722441899,0.157628205656011,0.121741239227786
PAS,1.2,0.231911997604236,0.258143203173213,0.205680792035258
