Site,xval,mean,upper,lower
MAT,1,0.334261487174346,0.38095880474409,0.287564169604602
MAT,2,0.0921644026021636,0.117892607151168,0.0664361980531593
MAT,3,0.169753584929543,0.190011019993299,0.149496149865788
MAT,4,0.0951492758390313,0.11577914011456,0.0745194115635027
PAS,1.2,0.2324910601834,0.291107736222597,0.173874384144203
PAS,2.2,0.270517009787016,0.335183703049255,0.205850316524777
PAS,3.2,0.254278784464511,0.32859737545377,0.179960193475253
PAS,4.2,0.194726417842405,0.227308051321836,0.162144784362975
