Site,xval,mean,upper,lower
MAT,1,0.134694223930344,0.149100764725405,0.120287683135284
MAT,2,0.198404806568084,0.246616057508991,0.150193555627178
MAT,3,0.101834643525926,0.133100668191892,0.0705686188599609
MAT,4,0.061681871197281,0.0640238478234046,0.0593398945711573
PAS,1.2,0.19490658902584,0.233255434245016,0.156557743806663
PAS,2.2,0.282349302587993,0.330559638640648,0.234138966535337
PAS,3.2,0.387442248381076,0.49586295244899,0.279021544313163
PAS,4.2,0.162352970348742,0.190649344585135,0.13405659611235
