Site,xval,mean,upper,lower
MAT,1,0.152535821501217,0.17461518962873,0.130456453373704
MAT,2,0.205364724567275,0.267117664404651,0.143611784729898
MAT,3,0.0687564100716512,0.0717076987867539,0.0658051213565485
MAT,4,0.0920854109860878,0.135495966897222,0.0486748550749538
PAS,1.2,0.23358408943525,0.275222795816258,0.191945383054242
PAS,2.2,0.255265539848839,0.347143443293552,0.163387636404125
PAS,3.2,0.125667926312046,0.155369116139901,0.0959667364841923
PAS,4.2,0.267252119968806,0.315550947679508,0.218953292258104
