Site,xval,mean,upper,lower
MAT,1,0.334261487174346,0.38095880474409,0.287564169604602
MAT,2,0.108920500180383,0.132832015291243,0.0850089850695234
MAT,3,0.151266461565193,0.161409681843308,0.141123241287079
MAT,4,0.107102376467033,0.126357617788011,0.0878471351460546
PAS,1.2,0.317493226988111,0.377297571769198,0.257688882207023
PAS,2.2,0.295186034023708,0.368396898593272,0.221975169454145
PAS,3.2,0.184337257000871,0.216777861770242,0.1518966522315
PAS,4.2,0.194290903722638,0.23058890448819,0.157992902957086
