Site,xval,mean,upper,lower
MAT,1,0.134730861238345,0.155478436970391,0.113983285506299
MAT,2,0.198404806568084,0.246616057508991,0.150193555627178
MAT,3,0.122838933186072,0.155592073929685,0.0900857924424582
MAT,4,0.061681871197281,0.0640238478234046,0.0593398945711573
PAS,1.2,0.217515809378722,0.259773663686022,0.175257955071422
PAS,2.2,0.266102199661846,0.313015226695046,0.219189172628646
PAS,3.2,0.259248520345123,0.401908891850142,0.116588148840104
PAS,4.2,0.162352970348742,0.190649344585135,0.13405659611235
