Site,xval,mean,upper,lower
MAT,1,0.152535821501217,0.17461518962873,0.130456453373704
MAT,2,0.205364724567275,0.267117664404651,0.143611784729898
MAT,3,0.0687564100716512,0.0717076987867539,0.0658051213565485
MAT,4,0.118717229206386,0.178094563841615,0.0593398945711573
PAS,1.2,0.219163900362623,0.26069703157541,0.177630769149835
PAS,2.2,0.255265539848839,0.347143443293552,0.163387636404125
PAS,3.2,0.147500661166961,0.173497211128614,0.121504111205309
PAS,4.2,0.267252119968806,0.315550947679508,0.218953292258104
