Site,xval,mean,upper,lower
MAT,1,0.38095880474409,0.38095880474409,0.38095880474409
MAT,2,0.108920500180383,0.132832015291243,0.0850089850695234
MAT,3,0.158399855876189,0.174872205609975,0.141927506142402
MAT,4,0.0978648356403054,0.117489137296044,0.0782405339845672
PAS,1.2,0.291692119470644,0.291692119470644,0.291692119470644
PAS,2.2,0.242175213132596,0.339438332335327,0.144912093929865
PAS,3.2,0.150467961306847,0.150467961306847,0.150467961306847
PAS,4.2,0.178911094210678,0.21440325538186,0.143418933039495
