Site,xval,mean,upper,lower
MAT,1,0.1417059271377,0.158561033936734,0.124850820338666
MAT,2,0.206481975946096,0.293799526620805,0.119164425271388
MAT,3,0.0660570239987524,0.0677442820758303,0.0643697659216744
MAT,4,0.118717229206386,0.178094563841615,0.0593398945711573
PAS,1.2,0.168430478759995,0.20949598843416,0.127364969085831
PAS,2.2,0.124943401666678,0.124943401666678,0.124943401666678
PAS,3.2,0.125988420789192,0.146630325925966,0.105346515652419
PAS,4.2,0.284043771864045,0.341204336839923,0.226883206888166
