Site,xval,mean,upper,lower
MAT,1,0.133016467882243,0.151792585662978,0.114240350101507
MAT,2,0.197683173795539,0.256723041216994,0.138643306374084
MAT,3,0.0791383205008769,0.111398077581759,0.0468785634199942
MAT,4,0.061681871197281,0.0640238478234046,0.0593398945711573
PAS,1.2,0.170194751106459,0.212600202333325,0.127789299879593
PAS,2.2,0.240858075930999,0.298874713160963,0.182841438701035
PAS,3.2,0.368101058333809,0.368101058333809,0.368101058333809
PAS,4.2,0.147166204300369,0.16804771413136,0.126284694469378
