Site,xval,mean,upper,lower
MAT,1,0.159938207446063,0.183293870873759,0.136582544018366
MAT,2,0.206481975946096,0.293799526620805,0.119164425271388
MAT,3,0.0687564100716512,0.0717076987867539,0.0658051213565485
MAT,4,0.0661523153397356,0.105051510880868,0.0272531197986037
PAS,1.2,0.168430478759995,0.20949598843416,0.127364969085831
PAS,2.2,0.124943401666678,0.124943401666678,0.124943401666678
PAS,3.2,0.125988420789192,0.146630325925966,0.105346515652419
PAS,4.2,0.244301751335108,0.287582256749443,0.201021245920773
