Row,KS
Min,15.6836917
First Quartile,358.7577651
Mean,991.690078240702
Geo Mean,650.264134845361
Median,797.3386489
Third Quartile,1061.2404082
Max,2746.38868
