Row,KS
Min,0.739491429
First Quartile,20.6010154293
Mean,81.93315857975
Geo Mean,29.7875890225032
Median,82.650857145
Third Quartile,95.215885717
Max,161.6914286
