Row,RR,durationMins,PI,AvgI,PreTot
Min,0.0388217745454905,40,9,0.75483870967742,3.2
First Quartile,0.068006578575513,91,12.24,2.2464,4.79
Mean,0.139684722441899,165.714285714286,26.0571428571429,5.31869848666359,14.4571428571429
Geo Mean,0.120088775779947,142.051390103347,21.9494431329044,4.01065979930961,10.289242726427
Median,0.12568103985289,160,22.8,4.2,8.7
Third Quartile,0.146108577661953,183,24.72,4.77090909090909,14.04
Max,0.38095880474409,310,73.2,12,47.2
Std Err. of Mean,0.017943483214113,18.5494375292908,3.61202074710971,0.826511211902558,2.75665922232459
