Row,RR,durationMins,PI,AvgI,PreTot
Min,0.00760225649740218,40,5.4,0.75483870967742,3.2
First Quartile,0.0689395450645998,97,10.68,1.44340909090909,3.89
Mean,0.143834038862867,159.545454545455,22.0909090909091,4.78716673726979,11.9863636363636
Geo Mean,0.115539041218808,139.269588248529,18.4604307098782,3.47303198137295,8.73699078140102
Median,0.130673484074454,155,18,3.66590909090909,7.2
Third Quartile,0.149959172225381,177,22.8,4.48736842105263,9.47
Max,0.38095880474409,300,54.6,12,37.5
Std Err. of Mean,0.0184418959168057,16.3627344628798,2.83621378225515,0.807979336926337,2.19152534847549
