Row,RR,durationMins,PI,AvgI,PreTot
Min,0.0383369868923873,30,2.4,0.619354838709677,3.1
First Quartile,0.106221512603572,55,12.6,1.84285714285714,5.1
Mean,0.230884282057749,175.714285714286,32.9828571428571,6.21739196969664,16.0457142857143
Geo Mean,0.181638848746088,137.680635891712,23.6174978909285,4.32660729038483,10.8856007838368
Median,0.188088817694137,200,24.6,5.03684210526316,8.5
Third Quartile,0.222339477561571,210,32.1,5.71090909090909,12.3
Max,0.604356287978699,410,94.8,23.6571428571429,82.8
Std Err. of Mean,0.0264444631954975,18.1185902687083,4.27372170817141,0.968492931362339,3.021525973359
