Row,RR,durationMins,PI,AvgI,PreTot
Min,0.00286106427321587,30,2.4,0.619354838709677,3.1
First Quartile,0.106221512603572,55,12.6,1.84285714285714,5.1
Mean,0.22987068426863,175.428571428571,32.52,6.19167768398235,15.98
Geo Mean,0.1686576942994,136.553609720931,23.2263519092255,4.31520340064047,10.7879106095805
Median,0.188088817694137,200,22.8,5.03684210526316,8.5
Third Quartile,0.222339477561571,210,30.6,5.71090909090909,12.3
Max,0.604356287978699,410,94.8,23.6571428571429,82.8
Std Err. of Mean,0.0266799051432244,18.1836701010367,4.28724275265211,0.965720285383712,3.02706225280435
