Row,RR,durationMins,PI,AvgI,PreTot
Min,0.00760225649740218,40,5.4,0.75483870967742,3.2
First Quartile,0.0655751468466211,100,10.98,1.61181818181818,4.02
Mean,0.133165721109708,163.333333333333,25.45,5.21380435764882,13.7916666666667
Geo Mean,0.0962934311673586,142.017437187907,20.4065713984599,3.7882368952228,9.70426110763137
Median,0.119243561547099,155,21,4.09090909090909,8
Third Quartile,0.144486723540845,179,24.42,4.73196172248804,13.58
Max,0.38095880474409,310,73.2,12,47.2
