Row,RR,durationMins,PI,AvgI,PreTot
Min,0.00286106427321587,30,2.4,0.619354838709677,3.1
First Quartile,0.106221512603572,50,14.1,2.08991596638655,5.7
Mean,0.222036096988584,168.25,36.585,7.09862706439365,17.385
Geo Mean,0.164088275116941,129.55927117781,26.1536136364071,4.958980718587,11.8151408459614
Median,0.164001767476826,180,27.6,5.57,10
Third Quartile,0.217016627633885,210,35.7,6.43051948051948,15.4
Max,0.604356287978699,410,105,23.6571428571429,82.8
Std Err. of Mean,0.0243096834925549,16.8511108208757,4.38159546810906,0.941186167658954,2.86181211642966
