Row,KS
Min,6.601895864
First Quartile,29.538709245
Mean,132.442136598314
Geo Mean,82.3769959543257
Median,107.936673
Third Quartile,137.47218085
Max,525.9042152
