Row,RR,duration,PI,AvgI,PreTot
Min,0.00838391471106542,40,9,0.75483870967742,3.2
First Quartile,0.0655751468466211,79,11.76,2.1056,4.51
Mean,0.128581059881899,164.736842105263,28.421052631579,5.904731363939,15.5421052631579
Geo Mean,0.0965015161962431,138.718782087994,23.4485837909513,4.34390757877548,10.9138236558924
Median,0.111248906763738,140,22.8,4.74545454545455,9.8
Third Quartile,0.124393544191732,206,30.66,6.13478260869566,14.36
Max,0.38095880474409,310,73.2,12,47.2
