Row,RR,duration,PI,AvgI,PreTot
Min,0.0388217745454905,50,9,0.75483870967742,3.2
First Quartile,0.0645259914516179,91,12.24,1.83363636363636,4.79
Mean,0.130363420172294,173.125,27.375,5.67283687412421,15.48125
Geo Mean,0.110989851771049,148.680996348474,22.6739896328954,4.01553369180474,10.7369368319921
Median,0.112027495002523,155,22.8,4.36363636363636,9.25
Third Quartile,0.12830138281831,212,26.34,5.385,14.04
Max,0.38095880474409,310,73.2,12,47.2
Std Err. of Mean,0.0208252919144224,22.5040505613249,4.50195790739985,1.06159415555539,3.44566416856025
