Row,RR,duration,PI,AvgI,PreTot
Min,0.0593398945711573,50,9,0.75483870967742,3.2
First Quartile,0.0670736120864263,85,12,1.72272727272727,4.65
Mean,0.136466196547415,164,24.32,5.46102599906582,13.3666666666667
Geo Mean,0.119041154624035,141.573416914758,20.9698698287946,3.80945874227351,9.72768781706387
Median,0.112806083241309,140,22.8,3.98181818181818,8.7
Third Quartile,0.138782754679992,190,24.3,4.87272727272727,11.9
Max,0.38095880474409,300,54.6,12,37.5
Std Err. of Mean,0.021285780735671,21.9913402870095,3.53506516407912,1.11207312417144,2.90834049664829
