Row,RR,duration,PI,AvgI,PreTot
Min,0.0530195492917925,50,9.6,1.43076923076923,4
First Quartile,0.0996687917448323,94,16.5,2.88515837104072,7.13
Mean,0.196044234780796,208.125,45.75,8.01579548326313,25.21875
Geo Mean,0.1659842846317,179.717175265756,36.1696961736811,5.57436599755778,17.8188433558552
Median,0.148811801012077,205,35.4,5.40933014354067,17.25
Third Quartile,0.191479523221474,250,60.12,6.20181818181819,22.99
Max,0.468910124521005,370,94.8,23.6571428571429,82.8
Std Err. of Mean,0.0300115170429515,24.5665550087919,7.33447339622962,1.84739920267414,5.74990738150045
