Row,RR,duration,PI,AvgI,PreTot
Min,0.0530195492917925,50,9.6,1.43076923076923,4
First Quartile,0.110740475975079,86,18.48,3.1804945054945,8.36
Mean,0.199372556378174,201.578947368421,51.221052631579,8.84679428255651,27.0473684210526
Geo Mean,0.17020996750167,173.265539809536,40.7192292319393,6.37540774584374,19.6976503134248
Median,0.147171888603555,210,49.2,6.2,18.5
Third Quartile,0.184326732055408,228,61.08,6.71078369905956,24.51
Max,0.468910124521005,370,105,23.6571428571429,82.8
