Row,RR,duration,PI,AvgI,PreTot
Min,0.059339895,50,9,0.75483871,3.2
First Quartile,0.067073612,85,12,1.722727273,4.65
Mean,0.136466197,164,24.32,5.461025999,13.36666667
Geo Mean,0.119041155,141.5734169,20.96986983,3.809458742,9.727687817
Median,0.112806083,140,22.8,3.981818182,8.7
Third Quartile,0.138782755,190,24.3,4.872727273,11.9
Max,0.380958805,300,54.6,12,37.5
Std Err. of Mean,0.021285781,21.99134029,3.535065164,1.112073124,2.908340497
