Row,KS
Min,27.08485714
First Quartile,127.39371425
Mean,891.965231429434
Geo Mean,389.887752098121
Median,485.0742857
Third Quartile,606.65142859
Max,15615.96298
