Site,obsRunStart,hydRunStart
MAT,2.7,54.2808
MAT,1.03333333333333,NaN
MAT,1.03333333333333,90.0001
MAT,NaN,109.6094
MAT,NaN,34.6168
PAS,7.13333333333333,95.0844
PAS,10,42.2022
PAS,NaN,53.2546
PAS,40.3333333333333,NaN
PAS,NaN,NaN
PAS,0.0666666666666667,NaN
PAS,4.2,NaN
PAS,NaN,70.9394
PAS,5.06666666666667,NaN
PAS,10.5333333333333,49.9999
PAS,NaN,NaN
PAS,2.43333333333333,NaN
PAS,4.7,NaN
PAS,4.7,NaN
PAS,10,NaN
PAS,11.8666666666667,146.307
PAS,0.2,NaN
PAS,NaN,NaN
PAS,1.56666666666667,NaN
